company_id,company_name,affiliation_id,active
DCSYNPCOM001195,"""Skinaa"" Skin, Hair and Laser Clinic",,Y
DCSYNPCOM001419,32 Pearls Dental Clinic,,Y
DCSYNPCOM001336,32 Smiles Multispeciality Dental Clinic,,Y
DCSYNPCOM001486,3D Dental Implant Clinic,,Y
DCSYNPCOM000435,Aadhya9 Multi-speciality Hospital,,Y
DCSYNPCOM001674,Aaditya Dental Clinic,,Y
DCSYNPCOM001928,Aarjav Dental Clinic,,Y
DCSYNPCOM000510,Aarna Mediclinic,,Y
DCSYNPCOM000564,Aarogya Clinic,,Y
DCSYNPCOM000867,Aarogyam Super Speciality Clinic,,Y
DCSYNPCOM000874,Aarogyam Superspeciality Heart and Dental Clinic,,Y
DCSYNPCOM001040,Aarthi Skin Care Clinic,,Y
DCSYNPCOM000541,AARVI HOSPITAL,,Y
DCSYNPCOM000959,Aashirwad Clinic,,Y
DCSYNPCOM000415,Aashlok Hospital,,Y
DCSYNPCOM001544,Aashu Dental and Multispeciality Clinic,,Y
DCSYNPCOM001174,Aastha Skin And Laser Clinic,,Y
DCSYNPCOM000268,Aayam Skin Clinic,,Y
DCSYNPCOM001708,Aayush Dental Clinic And Orthodontic Care Centre,,Y
DCSYNPCOM000403,Aayush Eye Clinic - A Unit of Dr Agarwals Eye Hosp,,Y
DCSYNPCOM001191,Abhishek Hospital Laser & Cosmetic Surgery Centre,,Y
DCSYNPCOM000812,Aceso Health Clinic,,Y
DCSYNPCOM000483,Adate Hospital,,Y
DCSYNPCOM000797,Aditya Birla Memorial Hospital,,Y
DCSYNPCOM000177,Advai Heart And Multispeciality Clinic,,Y
DCSYNPCOM001722,Advance Dental Clinic,,Y
DCSYNPCOM001096,Advance Dermatology & Hair Transplant Clinic,,Y
DCSYNPCOM000659,Advance Health & Aesthetic Clinic,,Y
DCSYNPCOM001916,Advanced Brain And Spine Clinic,,Y
DCSYNPCOM001305,Advanced Skin And Hair Laser Clinic,,Y
DCSYNPCOM001278,Advi's Spine & Skin Clinic,,Y
DCSYNPCOM001069,Aesthederm Skin Clinic,,Y
DCSYNPCOM001043,Aesthetic Skin & Hair Clinic,,Y
DCSYNPCOM000277,Aesthetic Skin Clinic,,Y
DCSYNPCOM000545,Afifa Medical Clinic,,Y
DCSYNPCOM2022,AIG Hospitals,,Y
DCSYNPCOM000886,AIM Hospital,,Y
DCSYNPCOM001220,Ajanta Hospital,,Y
DCSYNPCOM000294,Akshaya Dental Hospital And Implant Center,,Y
DCSYNPCOM001091,Alive Wellness Clinics,,Y
DCSYNPCOM000068,All India Institute of Medical Sciences,,Y
DCSYNPCOM001099,All India Skin And Hair Hospital,,Y
DCSYNPCOM001953,Alpha Superspeciality Hospital,,Y
DCSYNPCOM000556,Altius Gastro & Nephro Clinic,,Y
DCSYNPCOM001790,Altius Hospitals,,Y
DCSYNPCOM000132,Altor Hospital,,Y
DCSYNPCOM000652,Ambal Clinic,,Y
DCSYNPCOM001378,Amber Skin & Hair Clinics,,Y
DCSYNPCOM001567,AMD Dental Clinics,,Y
DCSYNPCOM000083,Amor Hospitals,,Y
DCSYNPCOM000310,Ankura Hospital for Women & Children,,Y
DCSYNPCOM001406,Ankura Hospital For Women and Children,,Y
DCSYNPCOM001508,Ansari Hospital,,Y
DCSYNPCOM001166,Anya Skin Clinic,,Y
DCSYNPCOM001677,AP Superspeciality Dental Hospital,,Y
DCSYNPCOM000706,Apex Hospitals,,Y
DCSYNPCOM000710,Apex Hospitals Kandivali,,Y
DCSYNPCOM001834,Apex Superspeciality Hospitals,,Y
DCSYNPCOM000110,Apollo Clinic,,Y
DCSYNPCOM001117,Apollo Dermatology Clinic,,Y
DCSYNPCOM000255,Apollo First Med Hospitals,,Y
DCSYNPCOM000468,Apollo Gleneagles Cancer Hospital,,Y
DCSYNPCOM000619,Apollo Healthcity Hospital,,Y
DCSYNPCOM000162,Apollo Hospital,,Y
DCSYNPCOM000143,Apollo Hospitals,,Y
DCSYNPCOM000507,Apollo Hospitals City Centre,,Y
DCSYNPCOM002014,Apollo Medical Center,,Y
DCSYNPCOM000105,Apollo Medical Centre,,Y
DCSYNPCOM001391,Apollo Speciality Hospital,,Y
DCSYNPCOM000260,Apollo Speciality Hospitals,,Y
DCSYNPCOM000249,Apollo Specialty Hospital,,Y
DCSYNPCOM001538,Apollo Sugar Clinic,,Y
DCSYNPCOM000876,Apollomedics Super Speciality Hospital,,Y
DCSYNPCOM000894,Aravali Clinic,,Y
DCSYNPCOM000676,arawali clinic,,Y
DCSYNPCOM000882,Arihant Clinic,,Y
DCSYNPCOM001048,"Armoraa Skin, Hair And Laser Clinic",,Y
DCSYNPCOM000463,Artize Clinic,,Y
DCSYNPCOM001579,Arun Dental Hospital,,Y
DCSYNPCOM000571,Ashirwad Life Care Hospital,,Y
DCSYNPCOM000668,Ashwin Child Clinic,,Y
DCSYNPCOM001282,Ashwin Hospital,,Y
DCSYNPCOM001480,Aska Aesthetic Clinic,,Y
DCSYNPCOM001707,Asrani Dental Clinic,,Y
DCSYNPCOM000140,Aster,,Y
DCSYNPCOM000034,Aster CMI Hospital,,Y
DCSYNPCOM000065,Aster Prime Hospital,,Y
DCSYNPCOM000131,Aster RV Hospital,,Y
DCSYNPCOM000149,Aster Whitefield Hospital,,Y
DCSYNPCOM001293,"Atharva Skin Hair, Nail Clinic",,Y
DCSYNPCOM000696,Aum Superspeciality Hospital,,Y
DCSYNPCOM001146,Aura Skin And Laser Clinic,,Y
DCSYNPCOM001510,Aura Skin Cosmetology Clinic,,Y
DCSYNPCOM000339,Aveksha Hospital,,Y
DCSYNPCOM001485,Avinash Dental Clinic - AICRS,,Y
DCSYNPCOM000951,Avipriya Heart Clinic,,Y
DCSYNPCOM001041,Avira Skin and Hair Clinic,,Y
DCSYNPCOM001009,"Aviva Skin, Laser & Hair Clinic",,Y
DCSYNPCOM001904,Ayurdharma Ayurvedic Clinic And Panchakarma Center,,Y
DCSYNPCOM000640,Baba Clinic,,Y
DCSYNPCOM000575,Balaji Hospitals And Diabetes Centre,,Y
DCSYNPCOM001963,Balaji Skin and Hair Clinic,,Y
DCSYNPCOM001786,Bangalore Hospital,,Y
DCSYNPCOM000534,Bansal Health Clinic,,Y
DCSYNPCOM001237,BARBIE SKIN& LASER CLINIC,,Y
DCSYNPCOM001717,BDS - Bharati Vidyapeeth Dental College and Hospit,,Y
DCSYNPCOM001629,BDS - Chandra Dental College Hospital,,Y
DCSYNPCOM001662,BDS - Gitam Dental College Hospital,,Y
DCSYNPCOM001687,BDS - Sri Ramakrishna Dental College Hospital,,Y
DCSYNPCOM001012,Be Skin Hair Clinic,,Y
DCSYNPCOM001500,Being Dentist Maxillofacial and Dental Implants Cl,,Y
DCSYNPCOM001063,Bella Skin & Hair Clinic,,Y
DCSYNPCOM001529,Benchmark Dental Clinic,,Y
DCSYNPCOM001734,Bhardwaj Dental Clinic,,Y
DCSYNPCOM001401,Bhavane Dental Clinic,,Y
DCSYNPCOM001077,BHOJANI CLINIC,,Y
DCSYNPCOM001065,Bienaura Clinic,,Y
DCSYNPCOM000357,Billroth Hospital,,Y
DCSYNPCOM000037,Billroth Hospitals,,Y
DCSYNPCOM000742,BLK-Max Super Speciality Hospital,,Y
DCSYNPCOM001591,Blooming Smiles Dental Clinic,,Y
DCSYNPCOM000379,Bluebell Hospital,,Y
DCSYNPCOM000496,Bodyline Hospital,,Y
DCSYNPCOM000986,Bombay Hospital,,Y
DCSYNPCOM000982,Bombay Hospital Indore,,Y
DCSYNPCOM000401,Bombay Knee & Hip Clinic,,Y
DCSYNPCOM000465,Bose Clinic,,Y
DCSYNPCOM000287,Braces and Roots Clinica Dental,,Y
DCSYNPCOM000293,Brite Smiles Dental Clinic,,Y
DCSYNPCOM001501,Budding Smile Dental Clinic,,Y
DCSYNPCOM000276,Bukharia Skin and Mind Clinic,,Y
DCSYNPCOM001405,Butterfly Hospitals,,Y
DCSYNPCOM001614,Calgary Dental Clinic,,Y
DCSYNPCOM000096,Canes Cardio Neuro Clinic,,Y
DCSYNPCOM000266,Cardea Clinic,,Y
DCSYNPCOM000798,Cardi Care Clinic,,Y
DCSYNPCOM000807,Cardio Vision Heart Specialty Clinic,,Y
DCSYNPCOM000680,Care CHL Hospitals,,Y
DCSYNPCOM000713,Care For You Clinic,,Y
DCSYNPCOM000066,Care Hospital,,Y
DCSYNPCOM000071,CARE Hospitals,,Y
DCSYNPCOM000094,CARE Hospitals Outpatient Centre,,Y
DCSYNPCOM000298,"CARE Hospitals Outpatient Centre, Banjara Hills",,Y
DCSYNPCOM000073,CDR Hospital and Andhra Mahila Sabha,,Y
DCSYNPCOM000371,CFC Multispeciality Hospital,,Y
DCSYNPCOM000591,Chaitanya Clinic,,Y
DCSYNPCOM001807,Chakra Critical Care Centre and Hospitals,,Y
DCSYNPCOM000720,Chambers Clinic and Diagnostic Center,,Y
DCSYNPCOM000887,Chandan Hospital,,Y
DCSYNPCOM000628,Chandraa's Clinic,,Y
DCSYNPCOM000421,Chandraleela Hospital,,Y
DCSYNPCOM001248,Change Clinic,,Y
DCSYNPCOM000883,Charak Hospital,,Y
DCSYNPCOM000251,Chennai Heart Clinic,,Y
DCSYNPCOM000239,Chettinad Super Speciality Hospital,,Y
DCSYNPCOM000998,Chiranjeevi Hospitals,,Y
DCSYNPCOM000597,Chittinagar Sugar Hospital,,Y
DCSYNPCOM000972,Choithram Hospital & Research Centre,,Y
DCSYNPCOM001711,City Dental Clinic,,Y
DCSYNPCOM000748,CK Birla Hospital,,Y
DCSYNPCOM000851,CK Birla Hospitals | RBH,,Y
DCSYNPCOM001314,Clear Skin Clinic,,Y
DCSYNPCOM000144,Columbia Hospital,,Y
DCSYNPCOM001784,Columbiaa Hospital,,Y
DCSYNPCOM2024,Continental Hospitals,,Y
DCSYNPCOM001304,Corium - Skin Hair & Laser Clinic,,Y
DCSYNPCOM001498,Cosmodent Multi Speciality Dental Clinic and Ortho,,Y
DCSYNPCOM001053,Crispr Skin and Hair Clinic,,Y
DCSYNPCOM001924,Cronus Multispeciality Hospital,,Y
DCSYNPCOM001710,Crowns and Roots Dental Clinic,,Y
DCSYNPCOM001414,Cura Hospitals,,Y
DCSYNPCOM001008,Curves Clinic,,Y
DCSYNPCOM001310,Cutis Skin Clinic,,Y
DCSYNPCOM001273,Cutis Skin Clinic & Hair Transplant Centre,,Y
DCSYNPCOM000736,Cygnus Sonia Hospital,,Y
DCSYNPCOM000347,Cytecare Hospitals,,Y
DCSYNPCOM001736,D'Smile Dental Clinic,,Y
DCSYNPCOM000561,D P Bora Superspeciality Hospital,,Y
DCSYNPCOM000627,D.S.R Clinic,,Y
DCSYNPCOM001704,Daga Speciality Dental Clinic,,Y
DCSYNPCOM000674,Darda Hospital & Maternity Home,,Y
DCSYNPCOM000933,Deepam Hospital,,Y
DCSYNPCOM000279,Denta'Glo Dental Clinic & Implant Centre,,Y
DCSYNPCOM001550,Denta Sculpt Dental Clinic,,Y
DCSYNPCOM001927,Dental Avenue Clinic,,Y
DCSYNPCOM001716,Dental Care Center,,Y
DCSYNPCOM001499,Dental Clinic,,Y
DCSYNPCOM001361,Dental Health Care Clinic,,Y
DCSYNPCOM001745,Dental Oasis Orthodontic and Dental Clinic,,Y
DCSYNPCOM001491,Dental Wellness - Multispeciality Dental Clinic,,Y
DCSYNPCOM001434,Dentalfix Clinic,,Y
DCSYNPCOM001719,Dentica Orthodontic & Multispeciality Dental Clini,,Y
DCSYNPCOM001322,Dentin Oral Expert Clinic,,Y
DCSYNPCOM001433,DentoKraft Dental Clinic,,Y
DCSYNPCOM001615,Dentomax-Dento-Oral & Maxillofacial Clinic,,Y
DCSYNPCOM001496,Dentotsav Dental Clinic,,Y
DCSYNPCOM001517,"Dentsee Dental Clinic, Laser and Implant Centre",,Y
DCSYNPCOM001451,Derm Glitz Clinic Skin Hair Laser,,Y
DCSYNPCOM001169,Derma Wellness & Aesthetic Clinic,,Y
DCSYNPCOM000992,Dermacare Skin and Hair Clinic,,Y
DCSYNPCOM001295,Dermacity Skin Clinic,,Y
DCSYNPCOM001215,Dermacure Clinic,,Y
DCSYNPCOM001973,Dermadex Clinic,,Y
DCSYNPCOM001151,Dermaplast Aesthetic Clinic,,Y
DCSYNPCOM001972,Dermavenue Advanced Skin And Hair Clinic,,Y
DCSYNPCOM001290,"DermaVue Skin & Plastic Surgery, Lasers & Hair Tra",,Y
DCSYNPCOM001205,Dermax Skin Clinic,,Y
DCSYNPCOM001039,Dermis Skin & Hair Clinic,,Y
DCSYNPCOM001268,Dermlines Skin And Hair Clinic,,Y
DCSYNPCOM000449,Desun Hospital,,Y
DCSYNPCOM001601,Dev Clinic,,Y
DCSYNPCOM000839,Dev Hospital,,Y
DCSYNPCOM000940,Devanshi Heart And Speciality Clinics,,Y
DCSYNPCOM001300,Devdatta Skin And Hair Clinic,,Y
DCSYNPCOM000485,Devi Ratna Multispeciality Hospital,,Y
DCSYNPCOM001280,Dheeran Skin And Hair Transplant Clinic,,Y
DCSYNPCOM001541,Dhwanil Dental Clinic,,Y
DCSYNPCOM000811,Diabetes And Wellness Clinic,,Y
DCSYNPCOM001376,DIVI Speciality Clinics,,Y
DCSYNPCOM001945,Divine Care Multispeciality Clinic,,Y
DCSYNPCOM000942,Divine Heart Clinic,,Y
DCSYNPCOM001822,Diya Speciality Clinic,,Y
DCSYNPCOM000466,Doctor's Clinic,,Y
DCSYNPCOM000565,Doctors Clinic,,Y
DCSYNPCOM001363,Docube Healthcare - Smile And Aesthetic Dental Cli,,Y
DCSYNPCOM001105,Dr AJ Kanwar Skin Clinic,,Y
DCSYNPCOM001030,Dr Alva's Skin and Hair Clinic,,Y
DCSYNPCOM000441,Dr Amitava Chakravorty's Clinic,,Y
DCSYNPCOM001219,Dr Anurag Skin and Laser Clinic,,Y
DCSYNPCOM000793,Dr Danej Heart Clinic & DermaSure Skin Aesthetics,,Y
DCSYNPCOM000665,Dr Ingle Speciality Clinic,,Y
DCSYNPCOM001951,Dr Jolly's Skin Nurture Clinic,,Y
DCSYNPCOM001102,Dr Jyoti Gupta Dermatology Clinic,,Y
DCSYNPCOM001173,Dr Kuldeep Singh Skin Clinic & American Hair Trans,,Y
DCSYNPCOM000721,Dr L H Hiranandani Hospital,,Y
DCSYNPCOM000813,Dr Lal's Heart Center,,Y
DCSYNPCOM000489,Dr Midha's National Clinic,,Y
DCSYNPCOM001134,Dr Rangoli's Skin Hair and Laser Clinic,,Y
DCSYNPCOM001700,Dr Rashmi's Dental Clinic,,Y
DCSYNPCOM001026,"Dr Ritika Shanmugam Skin, Hair and Aesthetics Clin",,Y
DCSYNPCOM000852,Dr Rudradev Pandey's Clinic,,Y
DCSYNPCOM001688,Dr Sailee's Dental Clinic,,Y
DCSYNPCOM001670,Dr Sanjana Multispecialty Laser Dental Clinic,,Y
DCSYNPCOM000535,Dr Sanjeev's Pain Clinic,,Y
DCSYNPCOM001079,Dr Shaurya's Skin Clinic,,Y
DCSYNPCOM000686,Dr Shishir Gupte Clinic,,Y
DCSYNPCOM001971,Dr Skinn Clinic,,Y
DCSYNPCOM000993,Dr Sukrutha's Skin and Hair Clinic,,Y
DCSYNPCOM001954,Dr Tannu's Komal Skin Clinic,,Y
DCSYNPCOM001438,Dr Teeth Dental Care Center,,Y
DCSYNPCOM000505,Dr V R Tindwani Clinic,,Y
DCSYNPCOM000615,Dr V Rama Narasimham Clinic,,Y
DCSYNPCOM000274,Dr Zainab's Divine Skin Clinic,,Y
DCSYNPCOM001692,Dr. (Capt) Prince Herbert Dental Centers,,Y
DCSYNPCOM000679,Dr. (Mrs) Nita Joshi Clinic,,Y
DCSYNPCOM000634,Dr. A. Mohamed Sadhakathulla Clinic,,Y
DCSYNPCOM001521,Dr. Abhinav Misuriya has completed Master of Denta,,Y
DCSYNPCOM000405,Dr. Agarwal Eye Hospital,,Y
DCSYNPCOM001187,Dr. Aklish Jain Outbloom Clinics,,Y
DCSYNPCOM000291,Dr. Akshat Verma's Skin Hair & Laser Clinic,,Y
DCSYNPCOM001044,Dr. Akshaya Skin And Aesthetic Clinic,,Y
DCSYNPCOM000975,Dr. Ambrish S. Patel's Clinic,,Y
DCSYNPCOM001193,Dr. Archana's Skin & Cosmetic Clinic,,Y
DCSYNPCOM000669,Dr. Arvind Kinage Clinic,,Y
DCSYNPCOM000275,"dr. atika aesthetics skin, hair and laser clinic -",,Y
DCSYNPCOM000664,Dr. Bagadia‚Äôs Hair Clinic And Transplant Center,,Y
DCSYNPCOM001527,Dr. Bhangale's Dental Clinic,,Y
DCSYNPCOM001525,Dr. Bharat Oswal's Multispeciality Dental Clinic,,Y
DCSYNPCOM001245,Dr. Bhargavi's Skin Clinic,,Y
DCSYNPCOM001565,Dr. Bhasme Diabetes Thyroid Skin Hair Laser Clinic,,Y
DCSYNPCOM001513,Dr. Bhirud's Sweet Smile Dental Clinic,,Y
DCSYNPCOM001247,Dr. Bujji Babu Skin& V.D.Clinic,,Y
DCSYNPCOM001230,Dr. Chalasani Praveena's Skin And Laser Clinic REW,,Y
DCSYNPCOM001103,Dr. Chanana's Skintales Clinic,,Y
DCSYNPCOM000469,"Dr. Desai Dermacare- Skin, Hair & Laser Clinic",,Y
DCSYNPCOM001015,Dr. Desai Skin and Hair Clinic,,Y
DCSYNPCOM001216,Dr. Dev's Skin & V.D Clinic,,Y
DCSYNPCOM001313,Dr. Devendra Jilhare is a Dermatologist in Azamsha,,Y
DCSYNPCOM001324,Dr. G Chandra Sekhar's Dental Hospital,,Y
DCSYNPCOM000868,Dr. Gautam Swaroop Clinic,,Y
DCSYNPCOM001073,Dr. Gayatri's Skin Clinic,,Y
DCSYNPCOM000667,Dr. Girdhar Heda's Clinic,,Y
DCSYNPCOM000451,Dr. Gita Das Banik Clinic,,Y
DCSYNPCOM001712,Dr. Gopal Tawani practices at Dr. Tawani's Smile A,,Y
DCSYNPCOM001212,Dr. Gupta's Skin and Hair Hospital,,Y
DCSYNPCOM001296,Dr. Gurman Singh Bhasin is a board-certified MD De,,Y
DCSYNPCOM000979,Dr. Hansmukh Gandhi's Clinic,,Y
DCSYNPCOM000281,Dr. Harshita Kothari Skinpuritys Clinic,,Y
DCSYNPCOM001564,Dr. Hemang Zala Multi Speciality & Cosmetic Dental,,Y
DCSYNPCOM001018,"Dr. Juvita's Aesthetics Skin, Hair and Cosmetology",,Y
DCSYNPCOM000978,Dr. K. G. Gupta's Clinic,,Y
DCSYNPCOM000633,DR. K. Thirunavukkarasu Clinic,,Y
DCSYNPCOM001171,"Dr. Kaksha B Shah - Skin, Hair & Cosmetology Clini",,Y
DCSYNPCOM001244,"Dr. Kantamuneni Ushma is a Dermatologist,Aesthetic",,Y
DCSYNPCOM000905,Dr. Karthik Tummala is a Interventional Cardiologi,,Y
DCSYNPCOM000805,Dr. Kartik Bhosale's Cardiology Clinic,,Y
DCSYNPCOM001519,Dr. Ketkar Dental Clinic,,Y
DCSYNPCOM001064,Dr. Kiran Katkar's Dermis Skin Wellness Clinic Las,,Y
DCSYNPCOM001681,"Dr. Konagala Ravi Kumar is a Endodontist,Conservat",,Y
DCSYNPCOM001556,Dr. Konain Dental and Aesthetic Clinic,,Y
DCSYNPCOM001098,Dr. Lipy Gupta Clinic,,Y
DCSYNPCOM000670,Dr. M Shams Khan Clinic,,Y
DCSYNPCOM001006,Dr. Madhavis Advanced Skin Hair and Laser Clinic,,Y
DCSYNPCOM000877,Dr. Madhukar Kapoor Clinic,,Y
DCSYNPCOM001308,Dr. Milind Borkar's Skin Clinic,,Y
DCSYNPCOM001979,Dr. Mithran's Dental Clinic,,Y
DCSYNPCOM000282,Dr. Monika's Skin Clinic,,Y
DCSYNPCOM000938,Dr. Muthus Hospital,,Y
DCSYNPCOM001311,Dr. Neha Rajesh Rathi is a consultant dermatologis,,Y
DCSYNPCOM000932,Dr. Omnath's Clinic,,Y
DCSYNPCOM001283,Dr. P K Koshy Clinic,,Y
DCSYNPCOM000053,Dr. Partha Sarathi's Asian Hair And Skin Hospitals,,Y
DCSYNPCOM001526,Dr. Phadke's Dental Clinic & Implant Centre,,Y
DCSYNPCOM000562,Dr. Pooja Dhaon Clinic,,Y
DCSYNPCOM001199,Dr. Priyanka's Skin Clinic,,Y
DCSYNPCOM001070,Dr. Purvi Shah's Clinic,,Y
DCSYNPCOM001511,Dr. Ratnika's - Smile Up Dental Clinic & Implant C,,Y
DCSYNPCOM000226,Dr. Rela Institute & Medical Centre,,Y
DCSYNPCOM001948,Dr. Saguna's Premier Dermatology Clinic,,Y
DCSYNPCOM001466,Dr. Sahni's Dental Clinic,,Y
DCSYNPCOM001034,Dr. Sai Preethi's Skin and Aesthetic Clinic,,Y
DCSYNPCOM000290,Dr. Sanjay Khare's Clinic,,Y
DCSYNPCOM001228,Dr. Sanjeev Saxena Skin Clinic,,Y
DCSYNPCOM001910,Dr. Sarang Gotecha Clinic,,Y
DCSYNPCOM000479,Dr. Sawant's Clinic - Mother & Child Care,,Y
DCSYNPCOM001028,Dr. Sculpt Aesthetic Clinic,,Y
DCSYNPCOM000397,Dr. Seema S. Masrani's Clinic,,Y
DCSYNPCOM001227,Dr. Shatrughan Sahay Clinic,,Y
DCSYNPCOM001086,Dr. Siddiqui's Skin Clinic,,Y
DCSYNPCOM001035,Dr. Sindhu's Skin Clinic,,Y
DCSYNPCOM001803,Dr. Smiles Dental Hospitals,,Y
DCSYNPCOM001003,Dr. Soumya's Aria Skin & Hair Clinic,,Y
DCSYNPCOM000211,Dr. Srikanth K V MD DM Clinic,,Y
DCSYNPCOM000555,Dr. Subodh's Dental Clinic,,Y
DCSYNPCOM001943,Dr. Sudhansu's Heart Clinic,,Y
DCSYNPCOM001167,Dr. Sujata Mehta Ambalal's Skin and Hair Clinic,,Y
DCSYNPCOM000568,Dr. Sumita Rastogi Clinic,,Y
DCSYNPCOM001705,Dr. Suryawanshi's Orthodontic and Dental Specialit,,Y
DCSYNPCOM001243,Dr. Sushma Skin and Laser Clinic,,Y
DCSYNPCOM001942,Dr. Sushmita's Dental Clinic,,Y
DCSYNPCOM000623,Dr. Swathi Clinic,,Y
DCSYNPCOM000395,Dr. Tiwari's Clinic,,Y
DCSYNPCOM001047,Dr. Vijay's Hospital,,Y
DCSYNPCOM002015,Dr. Vipin Satija Neurology Clinic,,Y
DCSYNPCOM001577,Dr. Yojna's Dental Clinic Digital Smile Design and,,Y
DCSYNPCOM001330,Dr. Yugandhar Superspeciality Dental Hospital,,Y
DCSYNPCOM000398,Dr.Baldua's Clinic,,Y
DCSYNPCOM000579,Dr.C.Santhosh Kumar's Clinic,,Y
DCSYNPCOM000269,Dr.Chhabra's Skinlife clinic,,Y
DCSYNPCOM000544,Dr.Saurabh Agarwal Clinic,,Y
DCSYNPCOM001149,Earth and Ether Clinic,,Y
DCSYNPCOM001624,Echo Dental Clinic and Implant Center,,Y
DCSYNPCOM001162,Elegance Skin And Cosmetic Clinic,,Y
DCSYNPCOM001347,Elite Esthetics and Dental Clinic,,Y
DCSYNPCOM000806,Elite Heart Clinic & Pathology Lab,,Y
DCSYNPCOM001152,Elite Skin & Hair Clinic,,Y
DCSYNPCOM000392,Elite Women and Child Care Hospital,,Y
DCSYNPCOM000574,Emergency Vijaya Hospitals,,Y
DCSYNPCOM001797,Encore Speciality Clinics,,Y
DCSYNPCOM000150,Encore Specialty Clinics,,Y
DCSYNPCOM000437,Epitome Kidney Urology And Lions Hospital,,Y
DCSYNPCOM001127,EPTA Clinic,,Y
DCSYNPCOM000399,Era Clinic,,Y
DCSYNPCOM000271,Essence Skin Clinic,,Y
DCSYNPCOM000848,Eternal Heart Care Center (EHCC),,Y
DCSYNPCOM000157,Even Hospitals,,Y
DCSYNPCOM000770,Evening Clinic Cardiology - NKPC,,Y
DCSYNPCOM001277,Ezhil Child Health & Skin Care Clinic,,Y
DCSYNPCOM000569,Family Clinic,,Y
DCSYNPCOM001471,Family Dental Clinic,,Y
DCSYNPCOM000689,Family Trust Clinic,,Y
DCSYNPCOM000539,Femcare Clinic,,Y
DCSYNPCOM000174,Fortis Escorts Heart Institute,,Y
DCSYNPCOM000853,Fortis Escorts Hospital,,Y
DCSYNPCOM000161,Fortis La Femme,,Y
DCSYNPCOM000234,Frontier Lifeline Hospital,,Y
DCSYNPCOM001490,Gajanan Clinic,,Y
DCSYNPCOM001338,Gajanana Smile Care Dental Clinic,,Y
DCSYNPCOM000957,Ganwani Heart Care Clinic,,Y
DCSYNPCOM000386,Garg Multispeciality Hospital,,Y
DCSYNPCOM000666,Gastrone : Nagpur Gastro Liver And Endoscopy Cente,,Y
DCSYNPCOM001905,Genesis Brain And Spine Clinic,,Y
DCSYNPCOM001628,Genus Dental Implant And Orthodontic Center,,Y
DCSYNPCOM000116,Germanten Hospitals,,Y
DCSYNPCOM000537,Girdhar Hospital And Research Centre,,Y
DCSYNPCOM001969,"Gk'S Skin, Hair & Cosmetic Clinic",,Y
DCSYNPCOM000213,Gleneagles Hospitals,,Y
DCSYNPCOM000406,Globar Clinic,,Y
DCSYNPCOM000112,Gokul Heart and Cholesterol Clinic,,Y
DCSYNPCOM001580,Gold Medal Pre Clinic,,Y
DCSYNPCOM001694,Goodness Dental Clinic And Implant Centre,,Y
DCSYNPCOM001641,Gottipati Dental Hospital,,Y
DCSYNPCOM000146,Greenview Medical Center,,Y
DCSYNPCOM001299,Gurukripa Sonography and Skin Clinic,,Y
DCSYNPCOM001107,HairMate Clinic,,Y
DCSYNPCOM001504,Happy 32 Dental Clinic & Implant Center,,Y
DCSYNPCOM000572,Happy Minds Psychiatric Clinic,,Y
DCSYNPCOM001388,Harsini's Dental Clinic,,Y
DCSYNPCOM001307,He also gives training to novice doctors by servin,,Y
DCSYNPCOM000563,Heal And Cure Medical Centre,,Y
DCSYNPCOM001917,Health Care Clinic,,Y
DCSYNPCOM000543,Health Line Clinic,,Y
DCSYNPCOM000309,Health Valley Hospital,,Y
DCSYNPCOM000658,HealX Clinic,,Y
DCSYNPCOM000855,Heart & Vascular Clinic,,Y
DCSYNPCOM001941,Heart and Gynae Clinic,,Y
DCSYNPCOM001940,Heart And Gynae Clinic,,Y
DCSYNPCOM000225,Heart And Internal Medicine Clinic,,Y
DCSYNPCOM000719,HeartClinic,,Y
DCSYNPCOM000931,Heartlands Clinic,,Y
DCSYNPCOM000893,Heartwise Clinic,,Y
DCSYNPCOM001609,Hemang Dental Orthodontic & Implant Clinic,,Y
DCSYNPCOM001269,Hexa Anti-Aging & Preventive Clinic,,Y
DCSYNPCOM001316,Hi-Tech Skin Cosmetology Clinic and Hair Transplan,,Y
DCSYNPCOM000881,Himanshu Clinic,,Y
DCSYNPCOM001488,Holistic Ent And Dental Superspeciality Clinic,,Y
DCSYNPCOM000322,Hosmat Hospital,,Y
DCSYNPCOM001793,HOSMAT Hospital,,Y
DCSYNPCOM001785,Hosmat Hospital Pvt Ltd,,Y
DCSYNPCOM000896,Hospital Care & Company,,Y
DCSYNPCOM000985,Hradyam Heart Clinic,,Y
DCSYNPCOM000941,Hrudayam Heart And Woman Care Clinic,,Y
DCSYNPCOM000948,HrudVed Clinic,,Y
DCSYNPCOM001817,Hycare Hospitals,,Y
DCSYNPCOM000111,Idea Clinics,,Y
DCSYNPCOM000394,Indigo Hospital,,Y
DCSYNPCOM001479,Indira Clinic,,Y
DCSYNPCOM001746,Indore Poly Dental Clinic,,Y
DCSYNPCOM001211,Indra Skin Clinic,,Y
DCSYNPCOM000891,Infinity Medical Clinic,,Y
DCSYNPCOM001407,Ira Clinic,,Y
DCSYNPCOM001540,Ivories Laser Dental Clinic & Dental Implant Cente,,Y
DCSYNPCOM000484,Jeevan Jyoti Superspeciality Hospital,,Y
DCSYNPCOM000542,Jeevan Rekha Hospital,,Y
DCSYNPCOM000432,Jeewan hospital gate no 2,,Y
DCSYNPCOM000410,Jeewan Hospital Gate No. 1,,Y
DCSYNPCOM000417,Jeewan Mala Hospital,,Y
DCSYNPCOM000671,Jeswani Clinic,,Y
DCSYNPCOM001100,Jivisha Clinic,,Y
DCSYNPCOM000988,JJ Wellness Clinic,,Y
DCSYNPCOM000954,JL Urology and Cardiology Clinic,,Y
DCSYNPCOM001593,Joshi Dental Clinic and Oral Pathology Center,,Y
DCSYNPCOM000492,Joshi Polyclinic Heart Care & Shruti Pathology Lab,,Y
DCSYNPCOM000546,Jwala Hospital,,Y
DCSYNPCOM001033,K K Hospital,,Y
DCSYNPCOM000305,K K Reddy Hospital,,Y
DCSYNPCOM001059,Kaizen Skin Clinic,,Y
DCSYNPCOM001473,Kalra Dental Clinic,,Y
DCSYNPCOM000726,Kalra Hospitals,,Y
DCSYNPCOM001610,Kalyani Dental & Orthodontic Clinic,,Y
DCSYNPCOM000907,Kamineni Hospital,,Y
DCSYNPCOM000048,Kannapa Memorial Hospital,,Y
DCSYNPCOM000857,Kansal Heart Command Best Healthcare Clinic,,Y
DCSYNPCOM000422,Kapoor Medical Centre,,Y
DCSYNPCOM000935,Karpagam Hospital,,Y
DCSYNPCOM000599,Karuna Clinic,,Y
DCSYNPCOM000133,Kauvery Hospital,,Y
DCSYNPCOM000138,Kauvery Hospitals,,Y
DCSYNPCOM001394,KB DENTAL CLINIC ORTHODONTIC AND IMPLANT CENTER,,Y
DCSYNPCOM000840,KD Hospital,,Y
DCSYNPCOM000860,Khetan Heart & Super Speciality Hospital,,Y
DCSYNPCOM001531,Kids Dentistry Clinic,,Y
DCSYNPCOM001147,Kimaya Skin Clinic,,Y
DCSYNPCOM000028,KIMS-chittor Multispeciality Hospital,,Y
DCSYNPCOM000027,KIMS-Kurnool Multispeciality Hospital,,Y
DCSYNPCOM000015,KIMS-Ushalakshmi Centre for Breast Diseases,H019,Y
DCSYNPCOM000023,KIMS-Ushalakshmi Vijayawada,H019,Y
DCSYNPCOM000022,KIMS-Vijayawada Mul,H019,Y
DCSYNPCOM000021,KIMS-Vijayawada Multispecial,H019,Y
DCSYNPCOM000020,KIMS-Vijayawada Multispeciality,H019,Y
DCSYNPCOM000019,KIMS-Vijayawada Multispeciality Hospital,H019,Y
DCSYNPCOM000079,KIMS Hospitals,,Y
DCSYNPCOM000725,Kingston Hospitals,,Y
DCSYNPCOM000955,Kingsway Hospitals,,Y
DCSYNPCOM001630,Kishore Dental Clinic,,Y
DCSYNPCOM000653,Knee Replacement Center,,Y
DCSYNPCOM000326,Koshys Hospital,,Y
DCSYNPCOM001709,Kothari's Multispeciality Dental Clinic and Implan,,Y
DCSYNPCOM001060,Krasa Skin and Hair Clinic,,Y
DCSYNPCOM000961,KRIMS Hospitals,,Y
DCSYNPCOM001962,Krisara Skin Clinic,,Y
DCSYNPCOM000409,Kukreja Healthcare Clinic,,Y
DCSYNPCOM000486,Kulkarni Clinic,,Y
DCSYNPCOM000243,Kumaran Hospital,,Y
DCSYNPCOM000786,Kumud Heart Hospital And Medical Nursing Home,,Y
DCSYNPCOM001095,La Fameux Derma Skin And Hair Clinic,,Y
DCSYNPCOM001289,La Shine Skin And Hair Clinic,,Y
DCSYNPCOM001638,Lalitha Smile Clinic,,Y
DCSYNPCOM001270,Lashine Skin And Hair Clinic,,Y
DCSYNPCOM000626,Lekha Clinic,,Y
DCSYNPCOM000675,Life Care hospital,,Y
DCSYNPCOM001240,Life Care Skin Clinic,,Y
DCSYNPCOM000685,Life Modification Center,,Y
DCSYNPCOM001271,Lifecare Medical Centre,,Y
DCSYNPCOM000781,Lifepoint Multispeciality Hospital,,Y
DCSYNPCOM000494,Lifetree Hospital,,Y
DCSYNPCOM001000,"Lina√© Skin, Hair and Aesthetic Clinic",,Y
DCSYNPCOM001925,Livwell Clinic,,Y
DCSYNPCOM001602,Lokmanya Hospitals,,Y
DCSYNPCOM000610,Lotus Hospital For Women and Children,,Y
DCSYNPCOM000471,Lotus Multispeciality Hospital,,Y
DCSYNPCOM001929,Lucknow in the year 2002 and 2006 respectively. He,,Y
DCSYNPCOM001990,Lumina Dental and Esthetic Clinic,,Y
DCSYNPCOM001085,Lush Skin and Hair Clinic,,Y
DCSYNPCOM001967,Luvayaa Skin Clinic,,Y
DCSYNPCOM001923,M Dental Implant Clinic,,Y
DCSYNPCOM001398,"M.S Dental, Speech, Hearing & Vertigo Clinic",,Y
DCSYNPCOM000250,Madras Medical Mission,,Y
DCSYNPCOM000536,Maharshi Urology and Super speciality hospital,,Y
DCSYNPCOM000977,Mahaveer Heart Clinic,,Y
DCSYNPCOM001312,Mahavir's Drishti Kayakalp Eye and Skin Super Spec,,Y
DCSYNPCOM001203,Maheshwari Skin and Hair Care Clinic,,Y
DCSYNPCOM000072,Malla Reddy Narayana Multispeciality Hospital,,Y
DCSYNPCOM000697,Mallika Hospital,,Y
DCSYNPCOM001723,Malviya Dental Clinic,,Y
DCSYNPCOM000158,Manipal Hospital,,Y
DCSYNPCOM000453,Manipal Hospital Broadway (AMRI Hospitals),,Y
DCSYNPCOM000495,"Manipal Hospital, Kharadi - Pune",,Y
DCSYNPCOM000129,Manipal Hospitals,,Y
DCSYNPCOM000450,Manipal Hospitals (AMRI Hospitals),,Y
DCSYNPCOM000528,Mansarovar Hospital,,Y
DCSYNPCOM000816,Marengo CIMS Hospital,,Y
DCSYNPCOM000330,Marigold Hospital,,Y
DCSYNPCOM000323,Marvel Multispeciality Hospital,,Y
DCSYNPCOM000732,Mata Roop Rani Maggo Hospital and IVF Centre,,Y
DCSYNPCOM000106,Mathan's Medical Centre,,Y
DCSYNPCOM000385,Mauli Aarogyam Multi Speciality Hospital,,Y
DCSYNPCOM001249,Mavilla Skin & V.D. Clinic,,Y
DCSYNPCOM000548,Max Super Speciality Hospital,,Y
DCSYNPCOM000741,Max Super Speciality Hospital - Saket East Wing,,Y
DCSYNPCOM001872,Max Super Speciality Hospital - Saket West Wing,,Y
DCSYNPCOM000937,MBBS - Stanley Medical College & Hospital,,Y
DCSYNPCOM000649,MCV ENT Trust Hospital,,Y
DCSYNPCOM001701,MDS - Oral & Maxillofacial Surgery - Government De,,Y
DCSYNPCOM002012,MDS - Paedodontics And Preventive Dentistry - Care,,Y
DCSYNPCOM000976,Medanta Hospital,,Y
DCSYNPCOM000147,Medax Hospitals Gottigere LLP,,Y
DCSYNPCOM000646,Medgreen Medical Centre,,Y
DCSYNPCOM000078,Medicity Hospitals,,Y
DCSYNPCOM000300,Medicover Hospital,,Y
DCSYNPCOM000060,Medicover Hospitals,,Y
DCSYNPCOM000044,Medicover Hospitals - Bangalore,,Y
DCSYNPCOM000030,Medicover Hospitals - Hitech City,,Y
DCSYNPCOM000605,Medicover Hospitals - Visakhapatnam,,Y
DCSYNPCOM001758,Medicover Hospitals..,,Y
DCSYNPCOM000313,Medicover Woman Child Hospitals - Hitech City,,Y
DCSYNPCOM001317,Mediglo Clinic,,Y
DCSYNPCOM000402,Medioria Clinic,,Y
DCSYNPCOM001055,MediSkin Skin and Hair Clinic,,Y
DCSYNPCOM000136,Medlife Hospital,,Y
DCSYNPCOM000077,Medone Hospitals,,Y
DCSYNPCOM001106,MedRootz Clinics,,Y
DCSYNPCOM000113,Medwin Hospital,,Y
DCSYNPCOM001999,Meera Dental Hospital,,Y
DCSYNPCOM001703,Mehta Dental Clinic,,Y
DCSYNPCOM000038,Meridian Hospital,,Y
DCSYNPCOM000499,Metalia Hospital And ICCU,,Y
DCSYNPCOM000727,Metro Hospital and Cancer Institute,,Y
DCSYNPCOM000519,Metro MAS Hospital,,Y
DCSYNPCOM000413,MGS Super Speciality Hospital,,Y
DCSYNPCOM000888,MH Clinic,,Y
DCSYNPCOM000950,Midas Multispeciality Hospital,,Y
DCSYNPCOM001423,Millennium Smile Dental Clinic,,Y
DCSYNPCOM001200,"Mittal Skin, Hair, Laser & Cosmetic Clinic",,Y
DCSYNPCOM000278,MohanDental Clinic,,Y
DCSYNPCOM000272,Monaris Hair and Skin Clinic,,Y
DCSYNPCOM000596,Mounika Clinic,,Y
DCSYNPCOM000423,Muni Maya Ram Jain Hospital,,Y
DCSYNPCOM000503,Musk Clinic,,Y
DCSYNPCOM001452,"Muthu Skin, Hair & Laser Clinic",,Y
DCSYNPCOM001481,N G Medicare & Calcutta Hope Infertility Clinic,,Y
DCSYNPCOM000601,Nagarjuna Clinic,,Y
DCSYNPCOM000934,Nalavind Medical Centre,,Y
DCSYNPCOM000408,Nanavati Max Super Speciality Hospital,,Y
DCSYNPCOM000651,Nandakumar Clinic,,Y
DCSYNPCOM000327,Nano Hospitals,,Y
DCSYNPCOM000856,Narayana Multispeciality Hospital,,Y
DCSYNPCOM000353,Narayanaa Hospital,,Y
DCSYNPCOM000971,Navkar Clinic,,Y
DCSYNPCOM001250,Near Pure Ortho Hospital,,Y
DCSYNPCOM001238,Neelakanta skin and hair clinic,,Y
DCSYNPCOM000552,Neera Hospital,,Y
DCSYNPCOM000550,NEO Clinics,,Y
DCSYNPCOM001568,Neo Plant Advance Hair And Skin Clinic,,Y
DCSYNPCOM001856,Neuro Clinic Plus,,Y
DCSYNPCOM000036,Neuro Life Hospital,,Y
DCSYNPCOM001915,Neurology Clinic,,Y
DCSYNPCOM001049,Nila Skin Care Clinic,,Y
DCSYNPCOM001585,Nirmal Dental Clinic,,Y
DCSYNPCOM001236,Nirmala Devi Skin And Cosmotology Clinic,,Y
DCSYNPCOM001180,Nirvi Skin Clinic,,Y
DCSYNPCOM000639,Nishanth Clinic,,Y
DCSYNPCOM000792,Noble Hospital,,Y
DCSYNPCOM001732,Novel Dental N Implant Clinic,,Y
DCSYNPCOM001566,Novo Grace Skin Clinic,,Y
DCSYNPCOM001706,Novocare Dental & Facial Aesthetics Clinic,,Y
DCSYNPCOM000491,NRS Hospital,,Y
DCSYNPCOM001068,NuDerma Skin Hair Laser Clinic,,Y
DCSYNPCOM001225,"NYRA Dermatology, Aesthetic and Hair Transplant Cl",,Y
DCSYNPCOM001262,OIiva Skin and Hair Clinic,,Y
DCSYNPCOM001004,Oliva Skin & Hair Clinic,,Y
DCSYNPCOM001572,Oliva Skin and Hair Clinic,,Y
DCSYNPCOM001050,Oliva Skin And Hair Clinic,,Y
DCSYNPCOM000911,Olive Health Center,,Y
DCSYNPCOM000074,OMNI Hospitals,,Y
DCSYNPCOM000917,"OMNI Hospitals, Visakhapatnam",,Y
DCSYNPCOM000511,Orchids ICU & Hospital,,Y
DCSYNPCOM000426,ORL International Hospital,,Y
DCSYNPCOM001743,OrthDentSpa Dental Clinic,,Y
DCSYNPCOM001558,Ortho D Hospital,,Y
DCSYNPCOM001576,Ortho Trendz Clinic,,Y
DCSYNPCOM001752,Orthosquare Dental Clinic,,Y
DCSYNPCOM001239,P B G Tilak Clinic,,Y
DCSYNPCOM000480,Panacea Medical Centre,,Y
DCSYNPCOM001968,Parashar Skin Clinic,,Y
DCSYNPCOM001221,Parijat Ever Youth & Glorious Skin Clinic And Cosm,,Y
DCSYNPCOM000424,Park Hospital,,Y
DCSYNPCOM000983,Parmanand Hospital,,Y
DCSYNPCOM000901,Pavan Cardiac Clinic,,Y
DCSYNPCOM001302,Pearl Hospital,,Y
DCSYNPCOM001163,Pearl Skin And Hair Clinic,,Y
DCSYNPCOM000939,People's Hospital,,Y
DCSYNPCOM001986,Perio 32 Clinic,,Y
DCSYNPCOM001176,Persona - The Skin Hair & Laser Clinic,,Y
DCSYNPCOM001524,Phadke's Dental Clinic,,Y
DCSYNPCOM001252,"Pink Lotus Skin, Cosmetic and Laser Clinic",,Y
DCSYNPCOM001170,"Pink Skin, Hair & Cosmetic Clinic",,Y
DCSYNPCOM000380,Platinum Hospital,,Y
DCSYNPCOM001400,Pooja Dental Clinic,,Y
DCSYNPCOM000629,Poornima Clinic,,Y
DCSYNPCOM000547,Porwal Clinic,,Y
DCSYNPCOM001022,"Prabha Venkatesh Orthopedic, Skin & Hair Clinic",,Y
DCSYNPCOM001288,Prabhu Polyclinic,,Y
DCSYNPCOM000319,Pragma Hospitals,,Y
DCSYNPCOM000889,Prakash Clinic,,Y
DCSYNPCOM000100,Pranadhara Super Speciality Hospital,,Y
DCSYNPCOM001254,Prasanthi Hospital,,Y
DCSYNPCOM000205,Prashant Heart Clinic,,Y
DCSYNPCOM000576,Prashanthi Hospitals,,Y
DCSYNPCOM001306,Prathamesh Skin Clinic,,Y
DCSYNPCOM000085,Prathima Hospitals,,Y
DCSYNPCOM000560,Pratima Smriti Clinic,,Y
DCSYNPCOM001946,Prem Clinic,,Y
DCSYNPCOM000084,Premier Hospital,,Y
DCSYNPCOM001581,Pristine Dental and Facial Aesthetic Clinic,,Y
DCSYNPCOM000567,Priti Clinic,,Y
DCSYNPCOM001082,Priv√© Skin and Wellness Clinic,,Y
DCSYNPCOM000879,Pulse Heart Clinic,,Y
DCSYNPCOM000481,Pune Health Clinic,,Y
DCSYNPCOM001129,PURE SKIN-Skin Hair Laser Clinic,,Y
DCSYNPCOM000529,Purple Heron Hospital,,Y
DCSYNPCOM001606,Pushpa Dental Speciality Center,,Y
DCSYNPCOM000638,Pushpam Suresh Clinic,,Y
DCSYNPCOM000936,R R Clinic,,Y
DCSYNPCOM001297,Radiance Skin Antiaging and Hair Transplant Clinic,,Y
DCSYNPCOM001190,Radiant Skin & ENT Clinic,,Y
DCSYNPCOM000578,Radiiance Advanced Hair Transplant Center,,Y
DCSYNPCOM001387,Raj Implant And Orthodontic Center,,Y
DCSYNPCOM000641,Rajeshwari Hospital,,Y
DCSYNPCOM001733,Rajeshwari Multispeciality Dental Clinic,,Y
DCSYNPCOM000880,Rajiv Clinic,,Y
DCSYNPCOM001947,Rama Skin Clinic,,Y
DCSYNPCOM000581,Ramesh Hospital,,Y
DCSYNPCOM001386,Rayen Dental Care Center,,Y
DCSYNPCOM001975,Re'Verve Aesthetics Skin Clinic,,Y
DCSYNPCOM001109,Re-Incarnation The Complete Skin Care Clinic,,Y
DCSYNPCOM001589,Realign Dental Clinic,,Y
DCSYNPCOM001620,Realtooth Dental Clinic,,Y
DCSYNPCOM001319,Reehairskin Clinic,,Y
DCSYNPCOM001029,Regenique Multispecialty Center,,Y
DCSYNPCOM001381,Regrow Clinic,,Y
DCSYNPCOM000318,Renova - NIGL Hospitals,,Y
DCSYNPCOM000102,Renova Hospital,,Y
DCSYNPCOM001766,Renova Neelima Hospitals (formerly Neelima Hospita,,Y
DCSYNPCOM001196,Renova Skin & Laser Clinic,,Y
DCSYNPCOM001165,Renove Skin and Hair Clinic,,Y
DCSYNPCOM001241,Resident Doctor at Sri Ramachandra Medical Centre,,Y
DCSYNPCOM001294,Revola Skin and Hair Clinic,,Y
DCSYNPCOM001255,Rioskin Dermatology and Aesthetics Clinic,,Y
DCSYNPCOM001469,Ritesh Dental Clinic,,Y
DCSYNPCOM000734,RLKC Hospital & Metro Heart Institute,,Y
DCSYNPCOM000361,RPS Hospitals,,Y
DCSYNPCOM000473,Ruby Hall Clinic,,Y
DCSYNPCOM000712,S.L. Raheja Hospital ‚Äì A Fortis Associate,,Y
DCSYNPCOM000588,S.N.P Clinic,,Y
DCSYNPCOM000996,Saanvi's Laser Skin and Hair Clinic,,Y
DCSYNPCOM000642,Sadasivam Clinic,,Y
DCSYNPCOM000829,Sagar Hospital,,Y
DCSYNPCOM000800,Sahyadri Hospital,,Y
DCSYNPCOM001907,Sahyadri Super Speciality Hospital Hadapsar,,Y
DCSYNPCOM001845,Sai Hospital Angel Care For Woman,,Y
DCSYNPCOM000598,Sai Madhavi Hospital,,Y
DCSYNPCOM000121,Sai Thunga Hospitals,,Y
DCSYNPCOM000153,Sakra IKOC Multispeciality Hospital,,Y
DCSYNPCOM000445,Samaritan Clinic Private Limited,,Y
DCSYNPCOM001668,Sandhya Dental Clinic,,Y
DCSYNPCOM000497,Sangini Hospital,,Y
DCSYNPCOM001702,Sanjeev Dental And Implant Clinic,,Y
DCSYNPCOM000737,Sanjeevani Hospital,,Y
DCSYNPCOM001477,Santosh Dental Clinic,,Y
DCSYNPCOM001315,Saoji Hospital,,Y
DCSYNPCOM000167,Sapphire Heart Care Clinic,,Y
DCSYNPCOM000055,Sapphire Skin and Aesthetics Clinic,,Y
DCSYNPCOM001390,Sarath Dental Clinic,,Y
DCSYNPCOM001231,Sasha Luxe Clinic,,Y
DCSYNPCOM000316,Sathya Kidney Centre and Superspeciality Hospitals,,Y
DCSYNPCOM000672,Sawarkar Multispeciality Hospital,,Y
DCSYNPCOM000411,SCI International Hospital,,Y
DCSYNPCOM001404,Seasons Hospital,,Y
DCSYNPCOM001284,Sekure Skin Clinic,,Y
DCSYNPCOM000847,SG Hospital,,Y
DCSYNPCOM001213,Shafia Skin And Hair Clinic,,Y
DCSYNPCOM000987,Shalby Hospital,,Y
DCSYNPCOM000826,Shalby Hospitals,,Y
DCSYNPCOM000858,Shalby Mulitspeciality Hospital‚Äã,,Y
DCSYNPCOM001179,"Shantam Skin, Hair And Laser Clinic",,Y
DCSYNPCOM001599,Sharda Dental Hospital & Aesthetic Centre,,Y
DCSYNPCOM000246,Sheelaa Clinic,,Y
DCSYNPCOM000650,Shekhar Hospital,,Y
DCSYNPCOM001584,"Shekhawati Dental, Face & Hair Clinic",,Y
DCSYNPCOM002008,Shenoy Hospitals,,Y
DCSYNPCOM001551,Sheth Dental Clinic And Implant Center,,Y
DCSYNPCOM000407,Shetty's Care Clinic,,Y
DCSYNPCOM001011,Shirisha Skin & Hair Clinic,,Y
DCSYNPCOM000570,Shiv Hospital,,Y
DCSYNPCOM001730,Shivaay Dental Clinic,,Y
DCSYNPCOM001197,Shree Dental & General Hospital,,Y
DCSYNPCOM001159,Shreeji Skin Care Clinic,,Y
DCSYNPCOM000292,Shreeji Skin Clinic-Skin Sense Cosmetic and Laser ,,Y
DCSYNPCOM001172,Shrey Hospital,,Y
DCSYNPCOM000056,Shreya Medical Centre,,Y
DCSYNPCOM000590,Shri Shrinivasa Clinic,,Y
DCSYNPCOM000307,Shri Sigma Hospital,,Y
DCSYNPCOM001046,SIA Skin and Hair Clinic,,Y
DCSYNPCOM000321,Sidarth Hospitals,,Y
DCSYNPCOM001600,SIGMA CLINIC,,Y
DCSYNPCOM001183,Signature Skin Clinic,,Y
DCSYNPCOM000051,Sikara Clinics,,Y
DCSYNPCOM001154,Silk Skin Laser Cosmetology Clinic,,Y
DCSYNPCOM000253,SIMS Hospital,,Y
DCSYNPCOM000532,Singhal Clinic,,Y
DCSYNPCOM001605,SIPS Super Specialty hospital,,Y
DCSYNPCOM001852,Sir Ganga Ram City Hospital,,Y
DCSYNPCOM000722,Sir H.N. Reliance Foundation Hospital,,Y
DCSYNPCOM000620,SK Clinics,,Y
DCSYNPCOM000884,SKD Hospital,,Y
DCSYNPCOM000778,Skin'z Clinic,,Y
DCSYNPCOM001177,Skin & Hair Laser Clinic,,Y
DCSYNPCOM001201,Skin & Laser Clinic,,Y
DCSYNPCOM001083,Skin and Bones Clinic,,Y
DCSYNPCOM001309,Skin and Eye Clinic,,Y
DCSYNPCOM001266,Skin Care Clinic,,Y
DCSYNPCOM001136,SKIN CENTRAL - Advance Skin Hair Clinic,,Y
DCSYNPCOM001274,Skin Clinic,,Y
DCSYNPCOM001570,Skin Clinic 360,,Y
DCSYNPCOM001150,Skin Hair Laser and Cosmetology Clinic,,Y
DCSYNPCOM000284,Skin Hair Laser Clinic,,Y
DCSYNPCOM001175,Skin n Hair Clinic,,Y
DCSYNPCOM000054,Skin Sculpt Clinic,,Y
DCSYNPCOM001148,Skin World Clinic,,Y
DCSYNPCOM001226,"Skin, Laser And Mother Care Clinic",,Y
DCSYNPCOM001181,Skinaite Clinic,,Y
DCSYNPCOM001078,SkinAmour Clinic,,Y
DCSYNPCOM001144,SkinEthics Skin Clinic & Dermatosurgery Center,,Y
DCSYNPCOM001301,Skinfinity Skin Clinic,,Y
DCSYNPCOM000164,Sky Medical Corporation,,Y
DCSYNPCOM000447,Sl Artemis Medical Centre Pvt Ltd,,Y
DCSYNPCOM001428,Smile Again Dental Clinic,,Y
DCSYNPCOM001424,Smile Edge Oral & Dental Health Care Clinic,,Y
DCSYNPCOM001587,"Smile Kraft, Dental Face & Hair Clinic",,Y
DCSYNPCOM001005,Smile N Glow Dental & Skin Hospital,,Y
DCSYNPCOM000762,Smile Signature Dental Clinic,,Y
DCSYNPCOM001420,Smile Studio Dental Clinic,,Y
DCSYNPCOM001425,Smile Sutra Multi Speciality Dental Clinic,,Y
DCSYNPCOM001470,Smile Sync Clinic,,Y
DCSYNPCOM001495,Smilecare Dental Clinic,,Y
DCSYNPCOM001931,Smilekraft Maxillofacial Surgery And Dental Hospit,,Y
DCSYNPCOM001658,Smiles Dental Clinic,,Y
DCSYNPCOM001487,Smilesense Dental Clinic,,Y
DCSYNPCOM001675,SMYLE XL Dental clinic,,Y
DCSYNPCOM001612,SmyleXL Dental Clinic,,Y
DCSYNPCOM000890,Soham Prakartik Electro Homeopathy Clinic,,Y
DCSYNPCOM000842,Soni Hospital,,Y
DCSYNPCOM000677,Sood Clinic,,Y
DCSYNPCOM000238,Sooriya Hospital,,Y
DCSYNPCOM000047,Sooriya Hospital - Nungambakkam,,Y
DCSYNPCOM000362,Sooriya Hospital - Vadapalani,,Y
DCSYNPCOM001242,Soundarya Skin Clinic,,Y
DCSYNPCOM000127,Spandana Heart and Super Speciality Hospital,,Y
DCSYNPCOM000329,SPANDANA HEART AND SUPER SPECIALITY HOSPITAL,,Y
DCSYNPCOM001569,Spark The Skin Hair Laser Clinic,,Y
DCSYNPCOM000170,Sparsh Hospital,,Y
DCSYNPCOM000206,SPARSH Hospital,,Y
DCSYNPCOM001164,Sparsh Skin Cosmetic and Laser Clinic,,Y
DCSYNPCOM001867,Spine and Brain Clinic,,Y
DCSYNPCOM000080,Sravani Hospital,,Y
DCSYNPCOM000315,Sree Manju Hospitals,,Y
DCSYNPCOM000585,Sreeram's Medical Maternity & Diabetic Care Center,,Y
DCSYNPCOM000523,SRG Hospital,,Y
DCSYNPCOM001259,"Sri Gayatri Skin Care, Laser Clinic & Hair Transpl",,Y
DCSYNPCOM001683,Sri Krishna Dental and Orthodontic Clinic,,Y
DCSYNPCOM000285,Sri Sai Dental Hospital,,Y
DCSYNPCOM001275,Sri Skin Clinic,,Y
DCSYNPCOM000082,Sri Sri Holistic Hospital,,Y
DCSYNPCOM000093,Sri Sri Holistic Hospitals,,Y
DCSYNPCOM001679,Sri Surya Dental Clinic,,Y
DCSYNPCOM000593,Sri Venkateshwara Clinic,,Y
DCSYNPCOM000594,Sri Vidya Hospital,,Y
DCSYNPCOM000647,Sridharan Clinic,,Y
DCSYNPCOM000029,Srikara Hospital,,Y
DCSYNPCOM000032,Srikara Hospitals,,Y
DCSYNPCOM001478,SRM POLYCLINIC,,Y
DCSYNPCOM000228,SRM Prime Hospital,,Y
DCSYNPCOM000033,SRV Agadi Hospital,,Y
DCSYNPCOM000419,SSB Multispeciality Hospital,,Y
DCSYNPCOM000582,Sspm Clinic,,Y
DCSYNPCOM000830,Sterling Hospitals,,Y
DCSYNPCOM000387,Sudhanshu Hospital & ICCU,,Y
DCSYNPCOM000715,Sugar and Heart Clinic,,Y
DCSYNPCOM000603,Sujatha Clinic,,Y
DCSYNPCOM002018,Sukhkarta Brain Spine And Smile Clinic,,Y
DCSYNPCOM000472,Sunmed Hospital,,Y
DCSYNPCOM000909,Sunrise Hospitals,,Y
DCSYNPCOM2023,Sunshine Hospitals,,Y
DCSYNPCOM001093,Sunshine Skin & Hair Clinic,,Y
DCSYNPCOM000661,Super Hospital,,Y
DCSYNPCOM000091,Supraja Hospitals,,Y
DCSYNPCOM000354,Suraj Hospital,,Y
DCSYNPCOM001399,Suraksha Dental Clinic,,Y
DCSYNPCOM001725,Surana Dental Clinic,,Y
DCSYNPCOM000699,Surana Hospital And Research Center,,Y
DCSYNPCOM000393,Surana Sethia Hospital and Research Center,,Y
DCSYNPCOM001210,Suruchi Dermatalogy & Std Clinic,,Y
DCSYNPCOM000644,Surya Clinic And Research Centre,,Y
DCSYNPCOM001846,Sushrut Hospital and Research Center,,Y
DCSYNPCOM000980,SUYASH Hospital,,Y
DCSYNPCOM001001,SV Super Speciality Hospital,,Y
DCSYNPCOM002020,Svastam Wellness Clinic,,Y
DCSYNPCOM000340,SVM Hospital,,Y
DCSYNPCOM000673,Swarlakshmi clinic,,Y
DCSYNPCOM002004,Swasthik Medical Centre,,Y
DCSYNPCOM000589,Swastik Hospital,,Y
DCSYNPCOM001436,Synergy Dental Clinics,,Y
DCSYNPCOM000506,Tagore Hospital & Research Institute,,Y
DCSYNPCOM001660,Talasila Super Speciality Dental Hospital,,Y
DCSYNPCOM001805,Tarnaka Dental Clinic,,Y
DCSYNPCOM000438,Techno India Dama Healthcare & Medical Centre,,Y
DCSYNPCOM001987,Teeth And Gums Dental Clinic,,Y
DCSYNPCOM001416,Thamara Skin and Aesthetic Clinic,,Y
DCSYNPCOM000125,The Bangalore Hospital,,Y
DCSYNPCOM001911,The Brain And Nerve Clinic,,Y
DCSYNPCOM000504,The Health Care PolyClinic,,Y
DCSYNPCOM000802,The Heart Clinic,,Y
DCSYNPCOM000801,The Inamdar Heart Clinic,,Y
DCSYNPCOM000429,The Neptune Hospital,,Y
DCSYNPCOM001292,The Nesamm Speciality Hospital,,Y
DCSYNPCOM001737,The Perfect 32 Dental Clinic,,Y
DCSYNPCOM001071,The Skin and Lungs Clinic,,Y
DCSYNPCOM001218,The Skin Art Clinic,,Y
DCSYNPCOM001693,The Smile Theory A Multispeciality Dental Clinic,,Y
DCSYNPCOM001837,Thunga STH Hospital,,Y
DCSYNPCOM001661,Tiny Teeth Clinic,,Y
DCSYNPCOM001562,Titanium Dental Clinic,,Y
DCSYNPCOM001373,Tooth N Care Dental Clinic,,Y
DCSYNPCOM001214,Top Aesthetic Dermatologist Clinics In Gomtinagar,,Y
DCSYNPCOM001084,Top Aesthetic Dermatologist Hospitals In Delhi,,Y
DCSYNPCOM000107,Top Cardiology Hospitals,,Y
DCSYNPCOM000822,Top Cardiology Hospitals In Ahmedabad,,Y
DCSYNPCOM000730,Top Cardiology Hospitals In Delhi,,Y
DCSYNPCOM000970,Top Cardiology Hospitals In Indore,,Y
DCSYNPCOM000843,Top Cardiology Hospitals In Jaipur,,Y
DCSYNPCOM000760,Top Cardiology Hospitals In Kolkata,,Y
DCSYNPCOM000703,Top Cardiology Hospitals In Mumbai,,Y
DCSYNPCOM000949,Top Cardiology Hospitals In Nagpur,,Y
DCSYNPCOM000914,Top Cardiology Hospitals In Visakhapatnam,,Y
DCSYNPCOM000154,Top Cardiothoracic Surgery Hospitals In Bangalore,,Y
DCSYNPCOM000657,Top Consultant Physician Clinics In Dhantoli,,Y
DCSYNPCOM000524,Top Consultant Physician Hospitals In Jaipur,,Y
DCSYNPCOM000493,Top Consultant Physician Hospitals In Pune,,Y
DCSYNPCOM001542,Top Cosmetic/Aesthetic Dental Hospitals In Ahmedab,,Y
DCSYNPCOM001350,Top Cosmetic/Aesthetic Dental Hospitals In Bangalo,,Y
DCSYNPCOM001379,Top Cosmetic/Aesthetic Dental Hospitals In Chennai,,Y
DCSYNPCOM001475,Top Cosmetic/Aesthetic Dental Hospitals In Delhi,,Y
DCSYNPCOM001320,Top Cosmetic/Aesthetic Dental Hospitals In Hyderab,,Y
DCSYNPCOM002000,Top Cosmetic/Aesthetic Dental Hospitals In Jaipur,,Y
DCSYNPCOM001985,Top Cosmetic/Aesthetic Dental Hospitals In Kolkata,,Y
DCSYNPCOM001518,Top Cosmetic/Aesthetic Dental Hospitals In Pune,,Y
DCSYNPCOM001647,Top Cosmetic/Aesthetic Dental Hospitals In Vijayaw,,Y
DCSYNPCOM001667,Top Cosmetic/Aesthetic Dental Hospitals In Visakha,,Y
DCSYNPCOM000897,Top Counselling Psychology Hospitals In Pune,,Y
DCSYNPCOM001543,Top Dental Hospitals In Ahmedabad,,Y
DCSYNPCOM001335,Top Dental Hospitals In Bangalore,,Y
DCSYNPCOM001372,Top Dental Hospitals In Chennai,,Y
DCSYNPCOM001685,Top Dental Hospitals In Coimbatore,,Y
DCSYNPCOM000345,Top Dental Hospitals In Delhi,,Y
DCSYNPCOM000286,Top Dental Hospitals In Hyderabad,,Y
DCSYNPCOM001731,Top Dental Hospitals In Indore,,Y
DCSYNPCOM001578,Top Dental Hospitals In Jaipur,,Y
DCSYNPCOM001493,Top Dental Hospitals In Kolkata,,Y
DCSYNPCOM001607,Top Dental Hospitals In Lucknow,,Y
DCSYNPCOM001421,Top Dental Hospitals In Mumbai,,Y
DCSYNPCOM001715,Top Dental Hospitals In Nagpur,,Y
DCSYNPCOM001512,Top Dental Hospitals In Pune,,Y
DCSYNPCOM001631,Top Dental Hospitals In Vijayawada,,Y
DCSYNPCOM001663,Top Dental Hospitals In Visakhapatnam,,Y
DCSYNPCOM001337,Top Dental Implant Hospitals In Bangalore,,Y
DCSYNPCOM001696,Top Dental Implant Hospitals In Coimbatore,,Y
DCSYNPCOM001455,Top Dental Implant Hospitals In Delhi,,Y
DCSYNPCOM001331,Top Dental Implant Hospitals In Hyderabad,,Y
DCSYNPCOM001594,Top Dental Implant Hospitals In Jaipur,,Y
DCSYNPCOM001619,Top Dental Implant Hospitals In Lucknow,,Y
DCSYNPCOM001636,Top Dental Implant Hospitals In Vijayawada,,Y
DCSYNPCOM001738,Top Dental Surgery Clinics In Pipliyahana,,Y
DCSYNPCOM001346,Top Dental Surgery Hospitals In Bangalore,,Y
DCSYNPCOM001380,Top Dental Surgery Hospitals In Chennai,,Y
DCSYNPCOM001596,Top Dental Surgery Hospitals In Jaipur,,Y
DCSYNPCOM001482,Top Dental Surgery Hospitals In Kolkata,,Y
DCSYNPCOM001588,Top Dentofacial Orthopedic Hospitals In Jaipur,,Y
DCSYNPCOM001659,Top Endodontics Clinics In Akkayyapalem,,Y
DCSYNPCOM001689,Top Endodontics Clinics In Saibaba Colony,,Y
DCSYNPCOM001348,Top Endodontics Hospitals In Bangalore,,Y
DCSYNPCOM001457,Top Endodontics Hospitals In Delhi,,Y
DCSYNPCOM001329,Top Endodontics Hospitals In Hyderabad,,Y
DCSYNPCOM001590,Top Endodontics Hospitals In Jaipur,,Y
DCSYNPCOM001497,Top Endodontics Hospitals In Kolkata,,Y
DCSYNPCOM000635,Top ENT Hospitals In Coimbatore,,Y
DCSYNPCOM001908,Top ENT Hospitals In Pune,,Y
DCSYNPCOM000124,Top Eye Hospitals,,Y
DCSYNPCOM000163,Top General Physician Hospitals,,Y
DCSYNPCOM001829,Top General Physician Hospitals In Chennai,,Y
DCSYNPCOM000630,Top General Physician Hospitals In Coimbatore,,Y
DCSYNPCOM000303,Top General Physician Hospitals In Hyderabad,,Y
DCSYNPCOM000688,Top General Physician Hospitals In Indore,,Y
DCSYNPCOM000518,Top General Physician Hospitals In Jaipur,,Y
DCSYNPCOM000448,Top General Physician Hospitals In Kolkata,,Y
DCSYNPCOM000551,Top General Physician Hospitals In Lucknow,,Y
DCSYNPCOM000381,Top General Physician Hospitals In Mumbai,,Y
DCSYNPCOM000660,Top General Physician Hospitals In Nagpur,,Y
DCSYNPCOM000482,Top General Physician Hospitals In Pune,,Y
DCSYNPCOM000577,Top General Physician Hospitals In Vijayawada,,Y
DCSYNPCOM000611,Top General Physician Hospitals In Visakhapatnam,,Y
DCSYNPCOM000526,Top General Surgery Hospitals In Jaipur,,Y
DCSYNPCOM000364,Top Gynecology Hospitals In Chennai,,Y
DCSYNPCOM001037,Top Hair Transplant Surgery Hospitals In Chennai,,Y
DCSYNPCOM000052,Top Hair Transplant Surgery Hospitals In Hyderabad,,Y
DCSYNPCOM000512,Top Internal Medicine Hospitals In Ahmedabad,,Y
DCSYNPCOM000412,Top Internal Medicine Hospitals In Delhi,,Y
DCSYNPCOM000527,Top Internal Medicine Hospitals In Jaipur,,Y
DCSYNPCOM000384,Top Internal Medicine Hospitals In Mumbai,,Y
DCSYNPCOM000109,Top Interventional Cardiology Hospitals,,Y
DCSYNPCOM000821,Top Interventional Cardiology Hospitals In Ahmedab,,Y
DCSYNPCOM000755,Top Interventional Cardiology Hospitals In Kolkata,,Y
DCSYNPCOM000717,Top Interventional Cardiology Hospitals In Mumbai,,Y
DCSYNPCOM000946,Top Interventional Cardiology Hospitals In Nagpur,,Y
DCSYNPCOM000631,Top Lung Speciality Clinics In Pappanaickenpudur,,Y
DCSYNPCOM000587,Top Lung Speciality Hospitals In Vijayawada,,Y
DCSYNPCOM001798,Top Neurology Hospitals In Bangalore,,Y
DCSYNPCOM001823,Top Neurology Hospitals In Chennai,,Y
DCSYNPCOM000031,Top Neurology Hospitals In Hyderabad,,Y
DCSYNPCOM001891,Top Neurology Hospitals In Kolkata,,Y
DCSYNPCOM001833,Top Neurology Hospitals In Mumbai,,Y
DCSYNPCOM001902,Top Neurology Hospitals In Pune,,Y
DCSYNPCOM000580,Top Neurology Hospitals In Vijayawada,,Y
DCSYNPCOM000262,Top Neurosurgery Hospitals In Hyderabad,,Y
DCSYNPCOM001460,Top Oral And Maxillofacial surgery Hospitals In De,,Y
DCSYNPCOM001976,Top Oral And Maxillofacial surgery Hospitals In Hy,,Y
DCSYNPCOM001574,Top Oral And Maxillofacial surgery Hospitals In Ja,,Y
DCSYNPCOM001633,Top Oral And Maxillofacial surgery Hospitals In Vi,,Y
DCSYNPCOM001459,Top Oral Pathology Clinics In Dwarka Sector 11,,Y
DCSYNPCOM001684,Top Orthodontics Clinics In R.S. Puram,,Y
DCSYNPCOM001676,Top Orthodontics Clinics In Seethammadhara,,Y
DCSYNPCOM001623,Top Orthodontics Clinics In Telibagh,,Y
DCSYNPCOM001553,Top Orthodontics Hospitals In Ahmedabad,,Y
DCSYNPCOM001334,Top Orthodontics Hospitals In Bangalore,,Y
DCSYNPCOM001850,Top Orthodontics Hospitals In Chennai,,Y
DCSYNPCOM001913,Top Orthodontics Hospitals In Delhi,,Y
DCSYNPCOM001802,Top Orthodontics Hospitals In Hyderabad,,Y
DCSYNPCOM002006,Top Orthodontics Hospitals In Kolkata,,Y
DCSYNPCOM001432,Top Orthodontics Hospitals In Mumbai,,Y
DCSYNPCOM000878,Top Orthopedic Hospitals In Lucknow,,Y
DCSYNPCOM000502,Top Pathology Clinics In Vastrapur,,Y
DCSYNPCOM001690,Top Pediatric Dental Clinics In Coimbatore Racecou,,Y
DCSYNPCOM001392,Top Pediatric Dental Hospitals In Chennai,,Y
DCSYNPCOM001333,Top Pediatric Dental Hospitals In Hyderabad,,Y
DCSYNPCOM001926,Top Pediatric Dental Hospitals In Jaipur,,Y
DCSYNPCOM001988,Top Pediatric Dental Hospitals In Kolkata,,Y
DCSYNPCOM001536,Top Pediatric Dental Hospitals In Pune,,Y
DCSYNPCOM001535,Top Periodontics Clinics In FC Road,,Y
DCSYNPCOM001740,Top Periodontics Clinics In Nipania,,Y
DCSYNPCOM001364,Top Periodontics Hospitals In Bangalore,,Y
DCSYNPCOM001384,Top Periodontics Hospitals In Chennai,,Y
DCSYNPCOM001992,Top Periodontics Hospitals In Kolkata,,Y
DCSYNPCOM001427,Top Periodontics Hospitals In Mumbai,,Y
DCSYNPCOM001613,Top Prosthodontics Clinics In Chowk,,Y
DCSYNPCOM001664,Top Prosthodontics Clinics In Dwarakanagar,,Y
DCSYNPCOM002002,Top Prosthodontics Clinics In Gomtinagar,,Y
DCSYNPCOM001742,Top Prosthodontics Clinics In Vasant Vihar Colony,,Y
DCSYNPCOM001344,Top Prosthodontics Hospitals In Bangalore,,Y
DCSYNPCOM001849,Top Prosthodontics Hospitals In Chennai,,Y
DCSYNPCOM001514,Top Prosthodontics Hospitals In Pune,,Y
DCSYNPCOM000625,Top Sexology Hospitals In Coimbatore,,Y
DCSYNPCOM001153,Top Skin Hospitals In Ahmedabad,,Y
DCSYNPCOM001014,Top Skin Hospitals In Bangalore,,Y
DCSYNPCOM000058,Top Skin Hospitals In Chennai,,Y
DCSYNPCOM001272,Top Skin Hospitals In Coimbatore,,Y
DCSYNPCOM001087,Top Skin Hospitals In Delhi,,Y
DCSYNPCOM000050,Top Skin Hospitals In Hyderabad,,Y
DCSYNPCOM000043,Top Skin Hospitals In Indore,,Y
DCSYNPCOM001184,Top Skin Hospitals In Jaipur,,Y
DCSYNPCOM000337,Top Skin Hospitals In Lucknow,,Y
DCSYNPCOM001056,Top Skin Hospitals In Mumbai,,Y
DCSYNPCOM001130,Top Skin Hospitals In Pune,,Y
DCSYNPCOM001257,Top Skin Hospitals In Visakhapatnam,,Y
DCSYNPCOM001548,Total 360 Dental Care Clinic,,Y
DCSYNPCOM000396,Total Health Clinic,,Y
DCSYNPCOM001020,Tricho-Derma Hair & Skin Speciality Clinic,,Y
DCSYNPCOM000152,Trilife Hospital,,Y
DCSYNPCOM001974,Triton Hospital,,Y
DCSYNPCOM001375,TruSkin Dermatology Lasers and Anti-Aging Clinic,,Y
DCSYNPCOM000135,Trustwell Hospitals,,Y
DCSYNPCOM001061,Tvaksh Advanced Skin And Hair Clinic,,Y
DCSYNPCOM001161,Twachaa Skin & Cosmetic Clinic,,Y
DCSYNPCOM001097,"Uncover Laser, Skin & Hair Clinic",,Y
DCSYNPCOM000808,Unicare Hospital,,Y
DCSYNPCOM000533,Unikare Hospital,,Y
DCSYNPCOM000794,Upasana Dental Clinic,,Y
DCSYNPCOM001352,Urban Dental Clinic,,Y
DCSYNPCOM000681,Usha Clinic,,Y
DCSYNPCOM001058,V Plant Advance Hair Clinic,,Y
DCSYNPCOM000229,V S Hospitals,,Y
DCSYNPCOM001287,V.S Skin and Hair Clinic,,Y
DCSYNPCOM000515,Ved Multispecility Clinic & Diagnostics,,Y
DCSYNPCOM001339,Vignesh Dental Speciality Center,,Y
DCSYNPCOM001816,Vijeyam Neuro Center,,Y
DCSYNPCOM000648,Vikram E.N.T Hospital & Research Institute,,Y
DCSYNPCOM000166,Vikram Hospitals,,Y
DCSYNPCOM001554,Vinayak Dental And Implant Clinic,,Y
DCSYNPCOM001235,Vipula Hair & Skin Clinic,,Y
DCSYNPCOM000067,Virinchi Hospitals,,Y
DCSYNPCOM001383,Vishnu Dental Clinic,,Y
DCSYNPCOM001013,Vitals Skin and hair clinic,,Y
DCSYNPCOM001970,Viva Luxe Aesthetic Clinic,,Y
DCSYNPCOM001995,Vivanta Clinics,,Y
DCSYNPCOM001369,Vivekananda Hospital,,Y
DCSYNPCOM000885,Vivekananda Polyclinic & Institute Of Medical Scie,,Y
DCSYNPCOM000057,VS Hospitals,,Y
DCSYNPCOM002010,Vydehi Super Speciality Hospital(Mallya Hospital),,Y
DCSYNPCOM001303,West Avenue Medical Centre,,Y
DCSYNPCOM000817,White Lily Children Surgical Hospital & Cardiology,,Y
DCSYNPCOM001340,Wisden Clinics,,Y
DCSYNPCOM000434,Wisdom Super Speciality Hospital,,Y
DCSYNPCOM000956,Wockhardt Hospital,,Y
DCSYNPCOM000947,Wockhardt Super Speciality Hospital (Nagpur),,Y
DCSYNPCOM000388,Xenon Multi-speciality Hospital,,Y
DCSYNPCOM000866,Yaahvi Clinic,,Y
DCSYNPCOM2021,Yashoda Hospitals,,Y
DCSYNPCOM001573,Yashwant Dental Clinic & Implant Centre,,Y
DCSYNPCOM000414,Yatharth Super Speciality Hospital,,Y
DCSYNPCOM000823,Zydus Hospital,,Y
